id,first_name,last_name,email,gender,ip_address
1,Johnny,Gardner,jgardner0@php.net,Male,176.54.133.96
2,Ryan,Hanson,rhanson1@free.fr,Male,196.27.89.66
3,Richard,Vasquez,rvasquez2@nba.com,Male,85.209.1.135
4,James,Baker,jbaker3@blogtalkradio.com,Male,13.235.127.188
5,Lori,Kelly,lkelly4@slate.com,Female,176.192.224.115
6,Rose,Black,rblack5@unblog.fr,Female,22.204.42.194
7,Matthew,Oliver,moliver6@hp.com,Male,245.90.210.198
8,Juan,Armstrong,jarmstrong7@joomla.org,Male,100.12.223.97
9,Annie,Payne,apayne8@google.es,Female,105.7.93.184
10,Scott,Harper,sharper9@skype.com,Male,72.209.131.61
11,Martha,Olson,molsona@discuz.net,Female,67.115.127.243
12,Jeremy,Phillips,jphillipsb@imdb.com,Male,9.80.209.164
13,Julia,Mason,jmasonc@geocities.jp,Female,193.169.89.212
14,Sandra,Hudson,shudsond@issuu.com,Female,21.48.115.247
15,Julie,Rice,jricee@ning.com,Female,211.69.88.87
16,Jessica,Shaw,jshawf@altervista.org,Female,238.220.46.166
17,Lois,Wright,lwrightg@bizjournals.com,Female,128.69.64.197
18,Lawrence,Baker,lbakerh@java.com,Male,62.243.252.111
19,Heather,Hudson,hhudsoni@buzzfeed.com,Female,40.158.114.218
20,Carl,Henderson,chendersonj@slideshare.net,Male,176.68.19.111
21,Bruce,Holmes,bholmesk@spiegel.de,Male,182.194.103.61
22,Ronald,Sanchez,rsanchezl@who.int,Male,53.239.205.73
23,Albert,Flores,afloresm@flickr.com,Male,243.46.37.15
24,Julie,Morgan,jmorgann@businessweek.com,Female,80.52.5.201
25,Jean,Mitchell,jmitchello@yandex.ru,Female,217.23.73.18
26,Christina,Powell,cpowellp@joomla.org,Female,193.84.230.33
27,Nancy,Meyer,nmeyerq@cnet.com,Female,248.252.147.56
28,Judith,Griffin,jgriffinr@bloglovin.com,Female,186.115.71.42
29,Diana,Knight,dknights@dmoz.org,Female,223.185.39.117
30,Eugene,Brown,ebrownt@trellian.com,Male,74.206.214.59
31,Deborah,Price,dpriceu@fotki.com,Female,139.241.87.2
32,Scott,Hansen,shansenv@soundcloud.com,Male,60.8.201.60
33,Todd,Hanson,thansonw@alexa.com,Male,40.64.14.121
34,Lori,King,lkingx@geocities.jp,Female,85.188.63.5
35,Emily,Lawson,elawsony@virginia.edu,Female,246.80.114.44
36,Beverly,Miller,bmillerz@sakura.ne.jp,Female,120.46.99.190
37,Rose,Greene,rgreene10@free.fr,Female,138.221.110.209
38,Ryan,Wilson,rwilson11@yellowbook.com,Male,235.43.240.209
39,Mark,Nelson,mnelson12@privacy.gov.au,Male,232.206.28.43
40,Susan,Stephens,sstephens13@fotki.com,Female,24.190.87.76
41,James,Campbell,jcampbell14@ucoz.com,Male,97.27.63.140
42,Jennifer,Long,jlong15@cbsnews.com,Female,23.204.219.193
43,Joe,Scott,jscott16@edublogs.org,Male,52.140.87.37
44,Diana,Ellis,dellis17@theatlantic.com,Female,232.239.249.186
45,Carol,Lee,clee18@creativecommons.org,Female,111.241.129.171
46,Ashley,Marshall,amarshall19@go.com,Female,95.248.247.191
47,Cheryl,Warren,cwarren1a@linkedin.com,Female,248.10.45.7
48,Jeffrey,Andrews,jandrews1b@bloglines.com,Male,203.7.123.195
49,Gerald,Vasquez,gvasquez1c@craigslist.org,Male,145.55.162.122
50,Teresa,Allen,tallen1d@baidu.com,Female,134.173.126.3
51,Jennifer,Matthews,jmatthews1e@examiner.com,Female,104.234.155.90
52,Paula,Boyd,pboyd1f@altervista.org,Female,90.48.218.119
53,Jimmy,Little,jlittle1g@google.com,Male,21.255.120.2
54,Kelly,Murphy,kmurphy1h@networkadvertising.org,Female,84.252.230.63
55,Cynthia,Richardson,crichardson1i@apache.org,Female,47.147.211.0
56,Rose,Bryant,rbryant1j@cdbaby.com,Female,167.148.84.112
57,Kathleen,Fox,kfox1k@nationalgeographic.com,Female,169.222.96.115
58,Anne,Cunningham,acunningham1l@wp.com,Female,108.60.237.44
59,Martha,Reid,mreid1m@paypal.com,Female,204.97.199.64
60,Melissa,Owens,mowens1n@buzzfeed.com,Female,7.167.60.23
61,Irene,Weaver,iweaver1o@multiply.com,Female,151.58.79.102
62,Bruce,Taylor,btaylor1p@elpais.com,Male,84.231.13.119
63,Evelyn,Hughes,ehughes1q@blinklist.com,Female,124.87.46.220
64,Andrew,Matthews,amatthews1r@gnu.org,Male,245.68.6.182
65,Alice,Brown,abrown1s@prweb.com,Female,193.83.61.64
66,Andrea,Mills,amills1t@histats.com,Female,247.26.114.161
67,Philip,Riley,priley1u@nyu.edu,Male,185.255.109.110
68,Martin,Smith,msmith1v@loc.gov,Male,232.205.159.138
69,Joseph,Patterson,jpatterson1w@salon.com,Male,4.25.73.94
70,Donald,Peters,dpeters1x@chronoengine.com,Male,6.4.226.169
71,Peter,Johnston,pjohnston1y@businessweek.com,Male,72.2.246.224
72,Jose,Harvey,jharvey1z@berkeley.edu,Male,135.177.161.193
73,Joshua,Reyes,jreyes20@sciencedirect.com,Male,190.108.138.59
74,Edward,Washington,ewashington21@pbs.org,Male,136.143.207.48
75,Benjamin,Howard,bhoward22@theglobeandmail.com,Male,38.151.184.203
76,Jacqueline,Perry,jperry23@washingtonpost.com,Female,241.73.40.167
77,Robert,Little,rlittle24@army.mil,Male,189.212.158.240
78,Robert,Mendoza,rmendoza25@dell.com,Male,140.174.9.22
79,Larry,Little,llittle26@flavors.me,Male,170.251.125.51
80,Kenneth,Miller,kmiller27@merriam-webster.com,Male,170.63.215.128
81,John,Freeman,jfreeman28@engadget.com,Male,7.1.120.157
82,Kevin,Woods,kwoods29@zdnet.com,Male,114.253.84.156
83,Eugene,Greene,egreene2a@cornell.edu,Male,167.251.184.132
84,Willie,Reyes,wreyes2b@slate.com,Male,56.111.71.182
85,Brenda,Dunn,bdunn2c@bing.com,Female,87.35.42.148
86,Peter,Collins,pcollins2d@nps.gov,Male,173.68.182.212
87,Paul,Long,plong2e@flavors.me,Male,109.139.96.250
88,Katherine,Kim,kkim2f@symantec.com,Female,46.24.214.2
89,Carl,Perkins,cperkins2g@geocities.jp,Male,0.55.81.181
90,Lois,Hughes,lhughes2h@cargocollective.com,Female,232.171.105.157
91,Robert,Hamilton,rhamilton2i@linkedin.com,Male,179.83.133.188
92,Douglas,Crawford,dcrawford2j@goodreads.com,Male,30.125.190.190
93,Michelle,Torres,mtorres2k@wunderground.com,Female,75.46.247.216
94,Daniel,Hawkins,dhawkins2l@spotify.com,Male,97.186.218.96
95,Sean,Matthews,smatthews2m@cdbaby.com,Male,111.25.141.57
96,Brenda,Johnson,bjohnson2n@chron.com,Female,175.143.245.253
97,Theresa,Ortiz,tortiz2o@nbcnews.com,Female,38.95.123.92
98,Rachel,Scott,rscott2p@squidoo.com,Female,75.106.214.155
99,Jessica,Adams,jadams2q@nasa.gov,Female,27.210.143.213
100,Sara,Lynch,slynch2r@marketwatch.com,Female,196.225.164.33
101,Jacqueline,Harris,jharris2s@360.cn,Female,178.179.168.160
102,Mildred,Alvarez,malvarez2t@163.com,Female,64.66.102.13
103,Harold,Reyes,hreyes2u@ehow.com,Male,16.151.160.125
104,Shawn,Rose,srose2v@cdbaby.com,Male,129.91.73.198
105,Debra,Wells,dwells2w@symantec.com,Female,180.106.130.139
106,Sharon,Medina,smedina2x@behance.net,Female,120.35.41.214
107,Wanda,Burton,wburton2y@ucsd.edu,Female,55.150.23.66
108,Donald,Powell,dpowell2z@sbwire.com,Male,51.172.111.72
109,Jesse,Fisher,jfisher30@abc.net.au,Male,27.94.15.115
110,Eric,Morgan,emorgan31@pinterest.com,Male,54.96.81.149
111,Christine,Howard,choward32@cloudflare.com,Female,52.1.47.38
112,Ryan,Russell,rrussell33@google.ca,Male,195.130.121.208
113,Richard,Stephens,rstephens34@blogs.com,Male,166.102.189.79
114,Adam,Brooks,abrooks35@tripadvisor.com,Male,170.193.130.237
115,Kimberly,Hunter,khunter36@facebook.com,Female,33.76.98.71
116,Shawn,Richards,srichards37@edublogs.org,Male,168.23.204.4
117,Theresa,Patterson,tpatterson38@nhs.uk,Female,78.43.179.90
118,Cheryl,Harrison,charrison39@drupal.org,Female,168.158.15.210
119,Jane,Lane,jlane3a@businessweek.com,Female,163.253.251.23
120,Melissa,Vasquez,mvasquez3b@shinystat.com,Female,61.184.172.77
121,Christine,Stanley,cstanley3c@state.gov,Female,29.113.85.72
122,Frank,Richardson,frichardson3d@gravatar.com,Male,64.147.96.131
123,Joshua,Parker,jparker3e@rambler.ru,Male,208.215.145.41
124,Bruce,Kelly,bkelly3f@joomla.org,Male,44.127.74.70
125,Christina,Stewart,cstewart3g@networkadvertising.org,Female,78.37.117.78
126,Amy,Torres,atorres3h@bloglovin.com,Female,231.196.87.253
127,Judith,Pierce,jpierce3i@indiatimes.com,Female,60.152.104.246
128,Shirley,Cooper,scooper3j@a8.net,Female,150.175.33.68
129,Douglas,Burns,dburns3k@unblog.fr,Male,119.69.33.123
130,Scott,Powell,spowell3l@google.it,Male,46.153.171.169
131,Emily,Brown,ebrown3m@xrea.com,Female,96.0.5.49
132,Paula,Grant,pgrant3n@phpbb.com,Female,255.242.125.71
133,Earl,Watkins,ewatkins3o@usa.gov,Male,117.107.209.233
134,Randy,Robinson,rrobinson3p@liveinternet.ru,Male,250.137.50.160
135,Ronald,Larson,rlarson3q@oaic.gov.au,Male,247.41.250.106
136,Antonio,Ramos,aramos3r@youtu.be,Male,141.114.31.23
137,Pamela,Mason,pmason3s@buzzfeed.com,Female,154.28.187.244
138,Angela,Russell,arussell3t@gmpg.org,Female,142.221.21.206
139,Larry,Harvey,lharvey3u@cloudflare.com,Male,0.116.212.221
140,Anthony,Lawrence,alawrence3v@facebook.com,Male,96.85.226.13
141,Ruby,Edwards,redwards3w@house.gov,Female,33.122.216.230
142,Daniel,Arnold,darnold3x@cdbaby.com,Male,97.58.126.222
143,Carlos,Davis,cdavis3y@google.co.jp,Male,146.127.208.205
144,Lois,Snyder,lsnyder3z@usatoday.com,Female,21.222.209.147
145,Deborah,Lawrence,dlawrence40@hhs.gov,Female,84.32.121.207
146,Mildred,Fisher,mfisher41@canalblog.com,Female,38.243.105.182
147,Carl,Ferguson,cferguson42@tuttocitta.it,Male,138.173.153.171
148,Antonio,Mitchell,amitchell43@netscape.com,Male,96.194.166.4
149,Mary,Pierce,mpierce44@hexun.com,Female,53.62.155.28
150,Antonio,Jenkins,ajenkins45@unc.edu,Male,116.106.101.89
151,Bobby,Torres,btorres46@ezinearticles.com,Male,3.195.79.41
152,Albert,Gonzales,agonzales47@opensource.org,Male,10.93.65.112
153,Frank,Price,fprice48@tamu.edu,Male,69.113.98.204
154,Julie,Lawrence,jlawrence49@wikia.com,Female,155.253.154.40
155,Katherine,Lewis,klewis4a@devhub.com,Female,45.179.164.192
156,Julia,Henry,jhenry4b@indiatimes.com,Female,10.139.117.95
157,Jimmy,Butler,jbutler4c@ehow.com,Male,243.15.167.104
158,Russell,Armstrong,rarmstrong4d@xinhuanet.com,Male,91.125.3.115
159,Martha,Ford,mford4e@list-manage.com,Female,62.118.9.172
160,Martin,Griffin,mgriffin4f@census.gov,Male,100.208.188.172
161,Christina,Wells,cwells4g@nydailynews.com,Female,162.12.0.104
162,Jonathan,Pierce,jpierce4h@intel.com,Male,225.35.130.195
163,Cheryl,Edwards,cedwards4i@aboutads.info,Female,250.180.222.89
164,John,Mills,jmills4j@cyberchimps.com,Male,40.16.98.34
165,Martha,Peterson,mpeterson4k@issuu.com,Female,111.126.136.151
166,Irene,Dunn,idunn4l@prlog.org,Female,149.76.143.186
167,James,Cooper,jcooper4m@bloomberg.com,Male,0.207.38.126
168,Virginia,Bowman,vbowman4n@cam.ac.uk,Female,81.221.193.250
169,Shirley,Miller,smiller4o@clickbank.net,Female,56.96.59.114
170,Aaron,Kelley,akelley4p@omniture.com,Male,1.39.170.116
171,Kevin,Carr,kcarr4q@360.cn,Male,250.101.229.44
172,Bruce,Parker,bparker4r@lycos.com,Male,124.130.100.144
173,Frank,Lynch,flynch4s@seattletimes.com,Male,216.237.77.184
174,Arthur,Long,along4t@usda.gov,Male,241.159.159.151
175,Samuel,Harvey,sharvey4u@parallels.com,Male,168.43.96.37
176,Joyce,Garza,jgarza4v@google.es,Female,89.49.74.80
177,Anne,Reynolds,areynolds4w@google.pl,Female,186.83.240.103
178,Justin,Hart,jhart4x@cafepress.com,Male,28.134.179.134
179,Ronald,Harrison,rharrison4y@taobao.com,Male,157.150.215.145
180,Mary,Carroll,mcarroll4z@jimdo.com,Female,249.219.167.10
181,Bonnie,Simmons,bsimmons50@cam.ac.uk,Female,190.155.212.118
182,Harry,Gardner,hgardner51@paginegialle.it,Male,34.0.73.122
183,Antonio,Fields,afields52@cnbc.com,Male,254.158.47.197
184,Ruby,Rose,rrose53@t-online.de,Female,201.173.153.234
185,Kimberly,Henderson,khenderson54@woothemes.com,Female,233.16.14.0
186,Catherine,Simmons,csimmons55@yellowpages.com,Female,188.162.40.136
187,Kimberly,Mcdonald,kmcdonald56@icq.com,Female,246.253.24.164
188,Carolyn,Henderson,chenderson57@nih.gov,Female,136.127.180.18
189,Martin,Young,myoung58@joomla.org,Male,147.173.142.87
190,Thomas,Ruiz,truiz59@prweb.com,Male,202.138.154.242
191,Shawn,Matthews,smatthews5a@bing.com,Male,83.175.141.69
192,Christina,Garrett,cgarrett5b@acquirethisname.com,Female,205.169.93.161
193,Brian,Barnes,bbarnes5c@acquirethisname.com,Male,174.40.199.131
194,Nicholas,Woods,nwoods5d@gravatar.com,Male,239.13.134.33
195,Mary,Robertson,mrobertson5e@chronoengine.com,Female,119.138.182.139
196,Ernest,Walker,ewalker5f@pen.io,Male,213.83.141.211
197,Martha,Larson,mlarson5g@issuu.com,Female,102.21.54.223
198,Lawrence,Rice,lrice5h@google.nl,Male,193.24.155.55
199,Eugene,Olson,eolson5i@163.com,Male,164.255.100.216
200,Jose,Clark,jclark5j@chicagotribune.com,Male,83.165.122.79
201,Joyce,Wells,jwells5k@mozilla.com,Female,149.231.10.123
202,Ralph,Boyd,rboyd5l@mit.edu,Male,130.233.12.162
203,Sara,Matthews,smatthews5m@cornell.edu,Female,167.139.146.237
204,Albert,Alvarez,aalvarez5n@hatena.ne.jp,Male,201.33.77.189
205,Dennis,Ryan,dryan5o@123-reg.co.uk,Male,149.63.135.152
206,Marilyn,West,mwest5p@arizona.edu,Female,61.117.57.57
207,Karen,Parker,kparker5q@china.com.cn,Female,114.232.49.202
208,Lori,Hughes,lhughes5r@marriott.com,Female,26.212.110.162
209,Todd,Foster,tfoster5s@jimdo.com,Male,221.76.33.120
210,Harry,Peters,hpeters5t@blinklist.com,Male,248.77.108.244
211,Diana,Dean,ddean5u@alexa.com,Female,91.30.4.116
212,Joseph,Lawson,jlawson5v@yelp.com,Male,245.208.51.235
213,Amy,Pierce,apierce5w@live.com,Female,49.113.234.206
214,Lillian,Burton,lburton5x@nifty.com,Female,218.128.24.91
215,Karen,Ruiz,kruiz5y@over-blog.com,Female,206.32.226.161
216,Lois,Parker,lparker5z@fastcompany.com,Female,95.129.123.91
217,Andrew,King,aking60@slashdot.org,Male,229.205.122.124
218,Martha,Cox,mcox61@qq.com,Female,2.202.159.80
219,Karen,Morgan,kmorgan62@php.net,Female,243.13.1.29
220,Nicholas,Johnston,njohnston63@webmd.com,Male,193.196.5.167
221,Kevin,Parker,kparker64@nih.gov,Male,73.70.6.171
222,Nancy,Fox,nfox65@kickstarter.com,Female,251.137.186.91
223,Sharon,Gray,sgray66@reference.com,Female,199.142.171.45
224,Beverly,Black,bblack67@nymag.com,Female,141.76.152.161
225,Anna,Howell,ahowell68@biblegateway.com,Female,67.156.158.36
226,Ann,Wheeler,awheeler69@themeforest.net,Female,151.84.238.196
227,Melissa,Mason,mmason6a@hatena.ne.jp,Female,139.54.235.93
228,Sandra,Banks,sbanks6b@cloudflare.com,Female,169.54.205.20
229,John,Hunter,jhunter6c@jalbum.net,Male,120.205.191.38
230,Denise,Little,dlittle6d@sourceforge.net,Female,152.215.22.165
231,Albert,Morrison,amorrison6e@theglobeandmail.com,Male,206.226.217.78
232,Steven,Perez,sperez6f@ucoz.com,Male,123.236.129.95
233,Sandra,Smith,ssmith6g@wordpress.org,Female,37.3.237.208
234,Bobby,Banks,bbanks6h@sphinn.com,Male,30.85.62.33
235,Rebecca,Crawford,rcrawford6i@bloglovin.com,Female,206.74.144.59
236,George,Kelley,gkelley6j@histats.com,Male,17.179.136.15
237,Jane,Chavez,jchavez6k@wikipedia.org,Female,134.253.155.241
238,Rachel,Roberts,rroberts6l@who.int,Female,205.40.221.145
239,Betty,Young,byoung6m@g.co,Female,34.198.5.35
240,Jacqueline,Lawson,jlawson6n@addtoany.com,Female,57.5.125.81
241,Eugene,Fields,efields6o@ihg.com,Male,173.90.42.147
242,Roy,Franklin,rfranklin6p@csmonitor.com,Male,253.42.161.128
243,Laura,Ferguson,lferguson6q@imageshack.us,Female,182.226.115.234
244,Martha,Andrews,mandrews6r@liveinternet.ru,Female,20.238.34.246
245,Douglas,Brooks,dbrooks6s@goodreads.com,Male,48.155.63.0
246,Melissa,Lawrence,mlawrence6t@sina.com.cn,Female,184.88.59.115
247,Justin,Sullivan,jsullivan6u@desdev.cn,Male,46.103.126.228
248,Kimberly,Edwards,kedwards6v@devhub.com,Female,59.224.166.85
249,Sarah,Ross,sross6w@princeton.edu,Female,254.248.55.192
250,Deborah,Ramirez,dramirez6x@mac.com,Female,137.61.248.38
251,Frances,Fowler,ffowler6y@storify.com,Female,89.212.32.175
252,Keith,Diaz,kdiaz6z@amazonaws.com,Male,228.152.35.207
253,Joshua,Evans,jevans70@deviantart.com,Male,233.195.123.41
254,Louis,Graham,lgraham71@jiathis.com,Male,211.231.76.40
255,Teresa,Peterson,tpeterson72@clickbank.net,Female,153.112.162.255
256,Jerry,Vasquez,jvasquez73@sourceforge.net,Male,223.194.125.125
257,Gloria,Schmidt,gschmidt74@ucla.edu,Female,41.161.160.148
258,Helen,Stanley,hstanley75@networksolutions.com,Female,64.243.83.60
259,Randy,Ward,rward76@chron.com,Male,231.76.146.232
260,Raymond,Fields,rfields77@ustream.tv,Male,175.184.111.49
261,Paula,Garcia,pgarcia78@prlog.org,Female,96.204.127.123
262,Juan,Morales,jmorales79@cloudflare.com,Male,84.56.210.50
263,Arthur,Chavez,achavez7a@eventbrite.com,Male,27.73.85.211
264,Harold,Harris,hharris7b@digg.com,Male,181.39.224.148
265,Anna,Smith,asmith7c@google.cn,Female,86.222.24.183
266,Thomas,Murphy,tmurphy7d@who.int,Male,133.31.111.1
267,William,Miller,wmiller7e@nydailynews.com,Male,231.36.87.223
268,Chris,Fox,cfox7f@apple.com,Male,147.239.232.125
269,Rachel,Henry,rhenry7g@opensource.org,Female,214.154.61.139
270,Christina,Lee,clee7h@sciencedaily.com,Female,89.36.10.117
271,Wayne,Romero,wromero7i@indiatimes.com,Male,37.6.175.187
272,Larry,Pierce,lpierce7j@netvibes.com,Male,34.207.119.8
273,Deborah,Alexander,dalexander7k@scientificamerican.com,Female,152.215.240.152
274,Carolyn,Dunn,cdunn7l@wisc.edu,Female,98.131.66.92
275,Joshua,Brooks,jbrooks7m@un.org,Male,254.191.220.66
276,Martha,Hart,mhart7n@oakley.com,Female,210.235.193.184
277,Brian,Sims,bsims7o@blogspot.com,Male,129.191.206.196
278,Shirley,James,sjames7p@exblog.jp,Female,97.42.228.197
279,Harry,Fernandez,hfernandez7q@ihg.com,Male,231.174.220.6
280,Melissa,Fernandez,mfernandez7r@mtv.com,Female,59.190.175.184
281,Stephen,Garza,sgarza7s@who.int,Male,240.64.90.204
282,Carolyn,Kelly,ckelly7t@opensource.org,Female,63.108.90.242
283,Paula,Wright,pwright7u@webs.com,Female,76.92.96.164
284,Juan,Reid,jreid7v@phpbb.com,Male,170.13.88.202
285,Aaron,Brooks,abrooks7w@about.me,Male,196.13.119.254
286,Gregory,Fowler,gfowler7x@topsy.com,Male,63.220.201.249
287,Chris,Bailey,cbailey7y@statcounter.com,Male,69.36.183.9
288,Gloria,Peterson,gpeterson7z@printfriendly.com,Female,185.117.229.18
289,Sarah,Wright,swright80@woothemes.com,Female,56.176.88.35
290,Alice,Long,along81@vkontakte.ru,Female,150.222.130.242
291,Alice,Russell,arussell82@gov.uk,Female,251.109.95.85
292,Susan,James,sjames83@last.fm,Female,95.230.113.16
293,Michelle,Mccoy,mmccoy84@wp.com,Female,214.248.137.15
294,Martha,Myers,mmyers85@biglobe.ne.jp,Female,179.53.167.167
295,Jimmy,Wallace,jwallace86@prweb.com,Male,10.34.189.107
296,Sara,Cruz,scruz87@admin.ch,Female,7.8.133.36
297,Amy,Allen,aallen88@amazon.co.uk,Female,61.54.85.7
298,Amanda,Brooks,abrooks89@cyberchimps.com,Female,77.132.239.192
299,Lori,Reid,lreid8a@shinystat.com,Female,42.205.222.206
300,David,Hicks,dhicks8b@wikispaces.com,Male,8.44.216.208
301,Paula,Owens,powens8c@usnews.com,Female,143.191.244.133
302,Philip,Sanders,psanders8d@redcross.org,Male,95.23.67.134
303,Pamela,Lee,plee8e@123-reg.co.uk,Female,178.55.198.5
304,Janet,Smith,jsmith8f@tmall.com,Female,195.36.141.151
305,Karen,Stephens,kstephens8g@eventbrite.com,Female,233.50.184.153
306,Jennifer,Burton,jburton8h@statcounter.com,Female,88.19.159.246
307,Antonio,Weaver,aweaver8i@economist.com,Male,52.233.85.243
308,Sean,Bennett,sbennett8j@utexas.edu,Male,34.128.94.130
309,Jose,Pierce,jpierce8k@unblog.fr,Male,49.239.135.152
310,Amy,Richardson,arichardson8l@deliciousdays.com,Female,130.30.251.29
311,James,Gutierrez,jgutierrez8m@digg.com,Male,59.159.41.79
312,Stephanie,Snyder,ssnyder8n@360.cn,Female,211.105.88.60
313,Frank,Palmer,fpalmer8o@geocities.com,Male,112.115.124.81
314,Jane,Fuller,jfuller8p@google.com.hk,Female,190.195.109.96
315,Annie,Collins,acollins8q@phoca.cz,Female,74.227.19.176
316,Amy,Pierce,apierce8r@aboutads.info,Female,126.112.116.195
317,Todd,Mason,tmason8s@nps.gov,Male,137.55.100.206
318,Anne,Elliott,aelliott8t@wordpress.org,Female,238.131.243.109
319,Peter,Austin,paustin8u@bravesites.com,Male,102.200.115.250
320,Jessica,Cole,jcole8v@opera.com,Female,33.44.232.188
321,Victor,Hall,vhall8w@4shared.com,Male,143.217.232.161
322,Jesse,Riley,jriley8x@nih.gov,Male,136.94.32.42
323,Tina,Price,tprice8y@marketwatch.com,Female,17.127.177.72
324,Philip,Fuller,pfuller8z@netvibes.com,Male,50.244.78.75
325,Judith,Ryan,jryan90@cargocollective.com,Female,210.216.42.101
326,William,Ray,wray91@howstuffworks.com,Male,165.60.137.234
327,Harry,Taylor,htaylor92@whitehouse.gov,Male,36.16.120.37
328,Albert,Lopez,alopez93@wp.com,Male,88.96.156.198
329,Annie,Russell,arussell94@twitpic.com,Female,82.40.92.159
330,Lawrence,Gibson,lgibson95@apple.com,Male,126.204.10.8
331,Brandon,Harris,bharris96@devhub.com,Male,39.107.212.20
332,Lori,Rose,lrose97@devhub.com,Female,162.65.174.95
333,Kevin,Mitchell,kmitchell98@macromedia.com,Male,5.157.244.45
334,Heather,Miller,hmiller99@cyberchimps.com,Female,175.209.24.23
335,Jose,Lee,jlee9a@fema.gov,Male,122.15.111.28
336,Peter,Jones,pjones9b@hhs.gov,Male,250.93.45.84
337,Phillip,Cunningham,pcunningham9c@jalbum.net,Male,230.215.95.177
338,Clarence,Castillo,ccastillo9d@usatoday.com,Male,210.213.25.194
339,Timothy,Tucker,ttucker9e@discuz.net,Male,122.118.96.141
340,Kenneth,Myers,kmyers9f@wiley.com,Male,65.150.206.75
341,Helen,Powell,hpowell9g@163.com,Female,231.0.250.230
342,Jack,Diaz,jdiaz9h@networksolutions.com,Male,138.252.222.104
343,Dorothy,Kelly,dkelly9i@sciencedaily.com,Female,3.161.90.232
344,Virginia,Hansen,vhansen9j@woothemes.com,Female,236.144.226.99
345,Ruby,Moore,rmoore9k@engadget.com,Female,172.40.161.200
346,Eric,Allen,eallen9l@wired.com,Male,219.176.39.13
347,Benjamin,Morgan,bmorgan9m@vk.com,Male,48.244.180.130
348,Teresa,Campbell,tcampbell9n@mail.ru,Female,251.41.194.184
349,Jennifer,Foster,jfoster9o@odnoklassniki.ru,Female,73.170.222.177
350,Heather,Coleman,hcoleman9p@sina.com.cn,Female,253.154.87.196
351,Edward,Jordan,ejordan9q@apache.org,Male,21.222.44.195
352,Thomas,Dean,tdean9r@123-reg.co.uk,Male,212.225.92.149
353,Nancy,Stone,nstone9s@bluehost.com,Female,191.45.166.224
354,Antonio,Weaver,aweaver9t@telegraph.co.uk,Male,188.25.139.24
355,Anne,Ellis,aellis9u@blinklist.com,Female,1.217.115.94
356,Earl,Hanson,ehanson9v@chicagotribune.com,Male,244.251.109.99
357,Earl,Rogers,erogers9w@t.co,Male,112.95.105.50
358,Victor,Chapman,vchapman9x@e-recht24.de,Male,102.130.146.255
359,Diane,Hudson,dhudson9y@cisco.com,Female,60.233.226.206
360,Justin,Bailey,jbailey9z@icio.us,Male,87.27.230.72
361,Antonio,Griffin,agriffina0@dyndns.org,Male,210.12.63.81
362,Mary,Morris,mmorrisa1@ihg.com,Female,92.8.5.213
363,Aaron,Lee,aleea2@mapy.cz,Male,41.59.172.157
364,Russell,Harper,rharpera3@nhs.uk,Male,163.57.221.241
365,Irene,Fields,ifieldsa4@wisc.edu,Female,73.108.80.14
366,Ralph,Lee,rleea5@opensource.org,Male,244.99.138.152
367,Russell,Ellis,rellisa6@noaa.gov,Male,227.169.45.158
368,Rebecca,Cruz,rcruza7@blinklist.com,Female,186.1.166.210
369,Ruth,Watson,rwatsona8@gov.uk,Female,186.3.227.51
370,Eric,Larson,elarsona9@amazon.de,Male,193.143.44.75
371,Patricia,Meyer,pmeyeraa@twitter.com,Female,202.150.185.99
372,Lawrence,Romero,lromeroab@answers.com,Male,213.169.77.165
373,Roy,Wallace,rwallaceac@constantcontact.com,Male,132.164.111.33
374,Kenneth,Evans,kevansad@uol.com.br,Male,211.65.241.132
375,Joyce,Flores,jfloresae@oracle.com,Female,167.71.42.26
376,Clarence,Spencer,cspenceraf@mayoclinic.com,Male,13.112.185.132
377,Juan,Hernandez,jhernandezag@yolasite.com,Male,94.40.120.197
378,Anne,Ferguson,afergusonah@oracle.com,Female,183.47.192.179
379,Nancy,Fuller,nfullerai@jimdo.com,Female,46.138.164.26
380,Donna,Wood,dwoodaj@chicagotribune.com,Female,200.79.95.207
381,Louise,Austin,laustinak@linkedin.com,Female,81.118.96.130
382,Janice,Mcdonald,jmcdonaldal@statcounter.com,Female,52.220.194.163
383,Heather,Hart,hhartam@qq.com,Female,241.0.120.3
384,Lillian,Mccoy,lmccoyan@google.it,Female,63.184.61.32
385,Craig,Crawford,ccrawfordao@cocolog-nifty.com,Male,216.117.36.107
386,Peter,Young,pyoungap@meetup.com,Male,95.162.40.3
387,Carl,Wagner,cwagneraq@marketwatch.com,Male,194.114.208.183
388,Anne,Dean,adeanar@technorati.com,Female,177.89.241.227
389,Gerald,Lewis,glewisas@ca.gov,Male,208.173.174.161
390,Anne,Griffin,agriffinat@si.edu,Female,255.0.4.181
391,Ashley,Smith,asmithau@sbwire.com,Female,243.183.217.94
392,Peter,Lawrence,plawrenceav@cmu.edu,Male,99.116.132.120
393,Patrick,Dixon,pdixonaw@taobao.com,Male,246.5.28.41
394,Sandra,Watkins,swatkinsax@comsenz.com,Female,110.223.54.239
395,Johnny,Mcdonald,jmcdonalday@zimbio.com,Male,209.254.75.249
396,Henry,Welch,hwelchaz@timesonline.co.uk,Male,173.161.245.112
397,Julia,Moreno,jmorenob0@census.gov,Female,44.201.207.92
398,Jose,Hall,jhallb1@nasa.gov,Male,73.105.182.195
399,Melissa,Cook,mcookb2@newyorker.com,Female,88.35.219.198
400,Jennifer,Edwards,jedwardsb3@nsw.gov.au,Female,56.240.37.61
401,Terry,Olson,tolsonb4@bluehost.com,Male,163.114.248.142
402,Diana,Parker,dparkerb5@merriam-webster.com,Female,226.0.91.142
403,Billy,Murray,bmurrayb6@furl.net,Male,142.78.135.219
404,Carol,Davis,cdavisb7@wikispaces.com,Female,242.82.192.76
405,Christine,White,cwhiteb8@discuz.net,Female,30.162.77.170
406,Keith,Gilbert,kgilbertb9@wired.com,Male,70.95.159.85
407,Martin,Griffin,mgriffinba@who.int,Male,181.193.47.156
408,Melissa,Burke,mburkebb@dion.ne.jp,Female,86.31.111.54
409,Judith,Ray,jraybc@cbc.ca,Female,25.142.155.33
410,Martha,Little,mlittlebd@free.fr,Female,129.56.175.182
411,Timothy,Young,tyoungbe@hubpages.com,Male,146.101.203.60
412,Cynthia,Carr,ccarrbf@liveinternet.ru,Female,18.149.250.226
413,Donald,Ramos,dramosbg@virginia.edu,Male,58.148.152.251
414,Jack,Peterson,jpetersonbh@odnoklassniki.ru,Male,248.113.171.71
415,Patrick,Ferguson,pfergusonbi@myspace.com,Male,141.245.30.87
416,Aaron,Gutierrez,agutierrezbj@java.com,Male,119.90.172.200
417,Robert,Perry,rperrybk@jugem.jp,Male,108.83.129.2
418,Joseph,Thomas,jthomasbl@parallels.com,Male,180.95.36.250
419,Stephanie,Wallace,swallacebm@tripadvisor.com,Female,80.252.52.216
420,Patrick,Harrison,pharrisonbn@tuttocitta.it,Male,231.190.1.211
421,Andrea,Palmer,apalmerbo@bing.com,Female,84.232.100.228
422,Karen,Perez,kperezbp@google.nl,Female,35.72.200.39
423,Marilyn,James,mjamesbq@engadget.com,Female,162.13.226.15
424,Ann,Fowler,afowlerbr@umn.edu,Female,29.144.132.137
425,Craig,Peterson,cpetersonbs@deviantart.com,Male,150.13.238.88
426,Frank,Hicks,fhicksbt@bizjournals.com,Male,205.129.186.108
427,Angela,Kelley,akelleybu@wiley.com,Female,240.61.219.25
428,Margaret,Ellis,mellisbv@foxnews.com,Female,178.1.34.235
429,Thomas,Rogers,trogersbw@blogtalkradio.com,Male,235.71.158.18
430,Elizabeth,Black,eblackbx@google.com.hk,Female,46.207.93.41
431,Michael,Allen,mallenby@loc.gov,Male,67.159.192.164
432,Bonnie,Rogers,brogersbz@microsoft.com,Female,148.13.202.40
433,Theresa,Diaz,tdiazc0@ca.gov,Female,173.70.86.241
434,Jeffrey,Myers,jmyersc1@java.com,Male,53.38.147.163
435,Sarah,Garcia,sgarciac2@usnews.com,Female,146.5.66.212
436,Irene,Peters,ipetersc3@timesonline.co.uk,Female,46.63.69.209
437,Ashley,Little,alittlec4@weather.com,Female,57.181.149.87
438,Jack,Day,jdayc5@psu.edu,Male,62.115.231.172
439,Benjamin,Hughes,bhughesc6@cam.ac.uk,Male,186.43.53.88
440,Kathryn,Fisher,kfisherc7@surveymonkey.com,Female,90.27.217.83
441,Virginia,Bishop,vbishopc8@ted.com,Female,174.4.105.114
442,Benjamin,Watkins,bwatkinsc9@wikispaces.com,Male,157.26.198.45
443,Jessica,Edwards,jedwardsca@angelfire.com,Female,51.192.57.219
444,Andrea,Stanley,astanleycb@xing.com,Female,152.195.195.137
445,Rose,Berry,rberrycc@imdb.com,Female,248.199.212.218
446,Daniel,Hicks,dhickscd@wisc.edu,Male,68.61.228.151
447,Robin,Peters,rpetersce@unc.edu,Female,33.134.101.223
448,Johnny,Cunningham,jcunninghamcf@usnews.com,Male,115.150.124.9
449,Debra,Meyer,dmeyercg@businesswire.com,Female,22.62.58.13
450,James,Boyd,jboydch@marketwatch.com,Male,79.144.169.216
451,Timothy,Mitchell,tmitchellci@jalbum.net,Male,126.81.1.70
452,Karen,Gibson,kgibsoncj@auda.org.au,Female,202.157.171.118
453,Thomas,Ross,trossck@wufoo.com,Male,98.232.179.194
454,Ryan,Duncan,rduncancl@examiner.com,Male,241.177.193.202
455,Brandon,Johnston,bjohnstoncm@cpanel.net,Male,76.185.72.176
456,Jane,Howard,jhowardcn@vistaprint.com,Female,229.205.61.243
457,Juan,Cruz,jcruzco@godaddy.com,Male,106.166.244.249
458,Joyce,Rose,jrosecp@skyrock.com,Female,141.61.23.33
459,William,Franklin,wfranklincq@hatena.ne.jp,Male,82.93.128.221
460,Clarence,Reid,creidcr@accuweather.com,Male,164.196.60.216
461,Maria,Porter,mportercs@devhub.com,Female,251.48.251.59
462,Justin,Porter,jporterct@prweb.com,Male,148.14.147.168
463,Patrick,Knight,pknightcu@netlog.com,Male,50.12.243.154
464,Gloria,Hall,ghallcv@dell.com,Female,86.178.59.181
465,Ruby,Reynolds,rreynoldscw@w3.org,Female,179.137.254.210
466,Diana,Bradley,dbradleycx@deliciousdays.com,Female,32.203.110.141
467,Kevin,Roberts,krobertscy@google.es,Male,134.217.251.201
468,Lawrence,Payne,lpaynecz@mlb.com,Male,106.130.35.146
469,Frank,Jenkins,fjenkinsd0@hatena.ne.jp,Male,71.161.23.229
470,Beverly,Perez,bperezd1@springer.com,Female,211.232.122.81
471,Ruth,Walker,rwalkerd2@indiegogo.com,Female,47.168.130.55
472,Gregory,Parker,gparkerd3@adobe.com,Male,50.155.248.182
473,Evelyn,Larson,elarsond4@eventbrite.com,Female,86.152.239.24
474,Earl,Dunn,edunnd5@goo.gl,Male,81.43.255.212
475,George,Meyer,gmeyerd6@seesaa.net,Male,165.17.107.107
476,Brian,Jones,bjonesd7@ibm.com,Male,42.204.132.178
477,Linda,Snyder,lsnyderd8@nydailynews.com,Female,232.217.69.121
478,Melissa,Gonzalez,mgonzalezd9@eepurl.com,Female,114.163.105.110
479,Bruce,Tucker,btuckerda@skyrock.com,Male,184.105.26.242
480,Jean,Watkins,jwatkinsdb@tuttocitta.it,Female,9.236.73.123
481,Richard,Nelson,rnelsondc@dedecms.com,Male,147.77.86.222
482,Julia,Ray,jraydd@linkedin.com,Female,25.40.185.252
483,Jane,Gomez,jgomezde@slashdot.org,Female,28.101.23.51
484,Gregory,Hanson,ghansondf@seesaa.net,Male,0.113.107.246
485,Bruce,Reynolds,breynoldsdg@jigsy.com,Male,55.170.200.204
486,Sara,Wheeler,swheelerdh@yelp.com,Female,41.151.121.141
487,Tammy,Hart,thartdi@cafepress.com,Female,86.83.73.100
488,Mildred,Johnson,mjohnsondj@ucla.edu,Female,144.19.97.116
489,Wanda,Fernandez,wfernandezdk@newsvine.com,Female,7.153.170.78
490,Steve,Perez,sperezdl@zdnet.com,Male,23.179.104.50
491,Kenneth,Jordan,kjordandm@hugedomains.com,Male,198.188.106.183
492,Catherine,Warren,cwarrendn@cafepress.com,Female,58.113.140.114
493,Brian,Hughes,bhughesdo@thetimes.co.uk,Male,111.197.54.80
494,Denise,Gardner,dgardnerdp@webs.com,Female,140.177.216.105
495,Jerry,Griffin,jgriffindq@exblog.jp,Male,0.126.63.230
496,Annie,Jenkins,ajenkinsdr@multiply.com,Female,223.206.114.29
497,Jeffrey,Torres,jtorresds@digg.com,Male,222.252.107.145
498,Janice,Hayes,jhayesdt@icio.us,Female,253.153.113.207
499,Daniel,Fowler,dfowlerdu@yale.edu,Male,243.42.80.179
500,Doris,Wallace,dwallacedv@edublogs.org,Female,46.174.9.232
501,Cheryl,Garza,cgarzadw@oaic.gov.au,Female,13.12.4.48
502,Christine,Ellis,cellisdx@auda.org.au,Female,27.28.131.51
503,George,Weaver,gweaverdy@samsung.com,Male,144.68.85.170
504,Gregory,Long,glongdz@tamu.edu,Male,100.36.68.22
505,Angela,Freeman,afreemane0@webnode.com,Female,224.143.71.4
506,Larry,Harvey,lharveye1@wsj.com,Male,207.108.33.19
507,Jacqueline,Graham,jgrahame2@cocolog-nifty.com,Female,179.124.108.149
508,Jessica,Wells,jwellse3@ihg.com,Female,95.178.235.156
509,Eric,Dunn,edunne4@webnode.com,Male,112.37.130.88
510,Judy,Tucker,jtuckere5@weather.com,Female,100.96.174.195
511,Ruth,Woods,rwoodse6@youtube.com,Female,151.163.105.33
512,Jane,Willis,jwillise7@sakura.ne.jp,Female,106.253.131.204
513,Marilyn,Kennedy,mkennedye8@uiuc.edu,Female,101.184.72.107
514,Henry,Jacobs,hjacobse9@ocn.ne.jp,Male,149.190.176.85
515,Kenneth,Thomas,kthomasea@studiopress.com,Male,193.80.180.114
516,Carl,Alvarez,calvarezeb@hp.com,Male,167.3.228.3
517,Benjamin,Jones,bjonesec@forbes.com,Male,79.217.205.203
518,Maria,Fox,mfoxed@mayoclinic.com,Female,62.83.110.143
519,Diane,Harrison,dharrisonee@de.vu,Female,34.242.127.67
520,Phyllis,Meyer,pmeyeref@illinois.edu,Female,170.237.138.95
521,Ruth,Woods,rwoodseg@hubpages.com,Female,102.18.251.192
522,Shirley,Mendoza,smendozaeh@dyndns.org,Female,26.63.243.34
523,Carolyn,Dixon,cdixonei@mlb.com,Female,144.249.240.226
524,Laura,Tucker,ltuckerej@flavors.me,Female,202.161.178.64
525,Anna,Clark,aclarkek@odnoklassniki.ru,Female,106.98.198.27
526,Katherine,Medina,kmedinael@utexas.edu,Female,83.200.29.165
527,Paul,Boyd,pboydem@cloudflare.com,Male,245.92.112.188
528,Nancy,Rogers,nrogersen@census.gov,Female,128.57.226.143
529,Anne,Cruz,acruzeo@sourceforge.net,Female,54.231.253.218
530,Billy,Arnold,barnoldep@fc2.com,Male,254.8.6.86
531,Kelly,Lee,kleeeq@ucoz.ru,Female,208.151.226.58
532,Howard,Payne,hpayneer@si.edu,Male,218.253.128.17
533,Stephen,Richardson,srichardsones@sbwire.com,Male,105.121.52.167
534,Henry,Hunter,hhunteret@marriott.com,Male,173.56.158.132
535,Sarah,Butler,sbutlereu@mit.edu,Female,199.57.205.97
536,Sean,Foster,sfosterev@theglobeandmail.com,Male,91.238.159.198
537,Anna,Greene,agreeneew@yellowbook.com,Female,14.171.85.185
538,Janet,Hicks,jhicksex@craigslist.org,Female,229.9.17.45
539,Donna,Hunter,dhunterey@guardian.co.uk,Female,157.96.190.210
540,Tina,Pierce,tpierceez@mit.edu,Female,234.178.211.192
541,Justin,Howard,jhowardf0@ycombinator.com,Male,237.181.17.134
542,David,Hansen,dhansenf1@mac.com,Male,177.48.40.111
543,Lori,Porter,lporterf2@g.co,Female,170.232.36.228
544,Gloria,Hunter,ghunterf3@who.int,Female,168.19.69.62
545,Frank,Jackson,fjacksonf4@upenn.edu,Male,35.236.199.130
546,Ronald,Riley,rrileyf5@networkadvertising.org,Male,189.216.93.175
547,Ernest,Porter,eporterf6@nbcnews.com,Male,106.58.110.162
548,Amanda,Porter,aporterf7@princeton.edu,Female,69.105.25.27
549,Louis,Clark,lclarkf8@gov.uk,Male,190.59.230.144
550,Jerry,Morris,jmorrisf9@smugmug.com,Male,136.169.18.109
551,Bobby,Bennett,bbennettfa@cnet.com,Male,132.114.216.171
552,Brenda,Fisher,bfisherfb@redcross.org,Female,125.243.183.183
553,Judy,Harvey,jharveyfc@a8.net,Female,151.146.156.227
554,Shirley,Allen,sallenfd@ustream.tv,Female,33.91.2.14
555,Phillip,Garcia,pgarciafe@angelfire.com,Male,249.150.192.225
556,Craig,Richards,crichardsff@list-manage.com,Male,146.148.61.165
557,Terry,Henry,thenryfg@admin.ch,Male,155.17.239.148
558,Joe,Bradley,jbradleyfh@cbsnews.com,Male,22.27.23.246
559,Amanda,Thompson,athompsonfi@google.com.br,Female,87.63.103.84
560,Charles,Garrett,cgarrettfj@google.com,Male,1.200.34.71
561,Kathy,Matthews,kmatthewsfk@multiply.com,Female,189.5.191.82
562,Anne,Bishop,abishopfl@fema.gov,Female,189.219.4.59
563,Evelyn,Owens,eowensfm@opensource.org,Female,57.232.33.138
564,Jeremy,Gonzales,jgonzalesfn@comcast.net,Male,168.236.29.100
565,Adam,Watson,awatsonfo@blogtalkradio.com,Male,219.99.208.117
566,Rachel,Snyder,rsnyderfp@sina.com.cn,Female,216.254.12.135
567,Joe,Rice,jricefq@sciencedirect.com,Male,4.174.61.220
568,Rebecca,Ryan,rryanfr@shinystat.com,Female,144.232.215.8
569,Adam,Sims,asimsfs@berkeley.edu,Male,137.116.126.34
570,Irene,Ramos,iramosft@mac.com,Female,81.211.220.14
571,Howard,Gardner,hgardnerfu@shutterfly.com,Male,195.103.35.182
572,Peter,George,pgeorgefv@live.com,Male,110.74.182.24
573,Ralph,Lane,rlanefw@dropbox.com,Male,175.0.49.173
574,Jesse,Evans,jevansfx@mysql.com,Male,166.209.54.9
575,Carol,Frazier,cfrazierfy@state.gov,Female,2.120.138.137
576,Lillian,Patterson,lpattersonfz@csmonitor.com,Female,35.95.63.245
577,Evelyn,Campbell,ecampbellg0@ustream.tv,Female,24.100.245.254
578,Lawrence,Duncan,lduncang1@amazon.co.uk,Male,215.171.137.24
579,Janet,Burton,jburtong2@foxnews.com,Female,103.10.156.67
580,Wanda,Johnston,wjohnstong3@deviantart.com,Female,90.202.174.54
581,Brandon,Kennedy,bkennedyg4@comcast.net,Male,114.40.219.116
582,Jessica,Thompson,jthompsong5@spotify.com,Female,56.53.121.209
583,Sara,Ellis,sellisg6@earthlink.net,Female,44.14.236.180
584,Donna,Bennett,dbennettg7@yolasite.com,Female,96.122.254.62
585,Fred,Bowman,fbowmang8@biblegateway.com,Male,192.221.122.78
586,Sara,Clark,sclarkg9@vimeo.com,Female,77.117.123.13
587,Steven,Nichols,snicholsga@yolasite.com,Male,49.52.75.188
588,Lillian,Ryan,lryangb@howstuffworks.com,Female,208.78.219.205
589,Debra,Stone,dstonegc@foxnews.com,Female,241.73.130.191
590,Antonio,Mccoy,amccoygd@mashable.com,Male,228.68.101.180
591,Norma,Medina,nmedinage@gnu.org,Female,111.233.5.241
592,Eugene,Ramirez,eramirezgf@hexun.com,Male,240.228.110.117
593,Jonathan,Bowman,jbowmangg@globo.com,Male,155.116.135.208
594,Deborah,Price,dpricegh@elegantthemes.com,Female,9.10.43.101
595,Laura,Wagner,lwagnergi@constantcontact.com,Female,140.111.133.99
596,Marilyn,Rogers,mrogersgj@google.ru,Female,93.40.247.76
597,Rachel,Cruz,rcruzgk@t-online.de,Female,246.22.79.17
598,John,Hernandez,jhernandezgl@slate.com,Male,187.12.64.105
599,Eugene,Butler,ebutlergm@addtoany.com,Male,134.178.115.3
600,Shirley,Rodriguez,srodriguezgn@ovh.net,Female,32.157.102.252
601,Gloria,Cox,gcoxgo@google.de,Female,193.88.145.249
602,Laura,Mills,lmillsgp@ox.ac.uk,Female,32.28.96.22
603,Christine,Dunn,cdunngq@vk.com,Female,242.15.140.173
604,Wayne,Woods,wwoodsgr@shareasale.com,Male,199.50.9.74
605,Eugene,Fisher,efishergs@boston.com,Male,249.89.147.135
606,Aaron,James,ajamesgt@addtoany.com,Male,198.166.210.97
607,Helen,Lopez,hlopezgu@bandcamp.com,Female,186.153.8.83
608,Arthur,Stephens,astephensgv@phpbb.com,Male,250.125.217.200
609,Henry,Jackson,hjacksongw@hubpages.com,Male,70.47.21.54
610,Jacqueline,Gilbert,jgilbertgx@unesco.org,Female,91.74.244.206
611,Carl,Pierce,cpiercegy@usgs.gov,Male,76.80.64.37
612,Shawn,Perkins,sperkinsgz@uol.com.br,Male,109.242.232.63
613,Ryan,Griffin,rgriffinh0@wufoo.com,Male,21.94.169.160
614,Jeffrey,Wilson,jwilsonh1@arizona.edu,Male,30.108.8.13
615,Theresa,Ellis,tellish2@buzzfeed.com,Female,245.22.9.222
616,Janet,Fowler,jfowlerh3@ezinearticles.com,Female,196.173.234.156
617,Ryan,Jones,rjonesh4@cargocollective.com,Male,8.202.217.36
618,Sarah,Hayes,shayesh5@prlog.org,Female,163.250.207.95
619,Billy,Miller,bmillerh6@yellowbook.com,Male,199.166.59.216
620,Theresa,Mcdonald,tmcdonaldh7@xinhuanet.com,Female,44.216.72.127
621,Dennis,Medina,dmedinah8@berkeley.edu,Male,204.132.143.196
622,Janice,Cox,jcoxh9@icq.com,Female,137.163.127.206
623,Diana,Burns,dburnsha@etsy.com,Female,112.208.108.187
624,Steven,Holmes,sholmeshb@ning.com,Male,189.111.232.251
625,Justin,Myers,jmyershc@1688.com,Male,60.21.140.208
626,Bruce,Harvey,bharveyhd@rediff.com,Male,69.113.31.80
627,Michelle,Cooper,mcooperhe@scribd.com,Female,54.150.77.44
628,Clarence,Grant,cgranthf@pbs.org,Male,82.54.53.169
629,Christopher,Fuller,cfullerhg@sun.com,Male,192.188.117.131
630,Joseph,Matthews,jmatthewshh@indiatimes.com,Male,113.72.252.39
631,Andrew,Chavez,achavezhi@netscape.com,Male,238.127.139.74
632,Harold,Woods,hwoodshj@wordpress.org,Male,4.181.43.45
633,Donna,Montgomery,dmontgomeryhk@163.com,Female,68.250.169.104
634,Judy,Hansen,jhansenhl@moonfruit.com,Female,27.109.86.93
635,Rose,Murray,rmurrayhm@blogtalkradio.com,Female,221.60.107.178
636,Judy,Gonzales,jgonzaleshn@squarespace.com,Female,183.101.98.101
637,Angela,Black,ablackho@google.com.hk,Female,93.198.81.147
638,Anne,Griffin,agriffinhp@google.it,Female,182.149.181.239
639,Diane,Kennedy,dkennedyhq@usgs.gov,Female,202.50.9.222
640,Cynthia,Knight,cknighthr@pagesperso-orange.fr,Female,154.8.86.244
641,Russell,Hicks,rhickshs@artisteer.com,Male,170.172.56.112
642,Donna,Wood,dwoodht@liveinternet.ru,Female,203.131.254.74
643,Jimmy,Rivera,jriverahu@webnode.com,Male,224.38.61.82
644,Ruby,Washington,rwashingtonhv@cocolog-nifty.com,Female,90.253.23.74
645,Donna,Stanley,dstanleyhw@4shared.com,Female,127.255.91.50
646,Gloria,Jordan,gjordanhx@spotify.com,Female,42.17.246.142
647,Sara,Garrett,sgarretthy@geocities.jp,Female,183.47.27.214
648,Terry,Jackson,tjacksonhz@youtube.com,Male,143.140.170.53
649,Timothy,Wheeler,twheeleri0@yahoo.com,Male,186.169.68.79
650,Jane,Cook,jcooki1@plala.or.jp,Female,157.173.190.233
651,Linda,Schmidt,lschmidti2@fc2.com,Female,183.2.144.184
652,Carl,Sanchez,csanchezi3@archive.org,Male,134.207.130.195
653,Arthur,Jones,ajonesi4@gmpg.org,Male,119.82.226.120
654,Nicholas,Murray,nmurrayi5@phoca.cz,Male,51.235.4.145
655,Marie,Hughes,mhughesi6@weibo.com,Female,34.133.144.197
656,Mary,Berry,mberryi7@multiply.com,Female,236.47.138.15
657,Cheryl,White,cwhitei8@wunderground.com,Female,77.52.97.5
658,Victor,Riley,vrileyi9@engadget.com,Male,175.231.141.18
659,Steve,Collins,scollinsia@hud.gov,Male,140.92.23.51
660,Angela,Ramirez,aramirezib@godaddy.com,Female,238.213.86.26
661,David,Graham,dgrahamic@businessinsider.com,Male,83.240.191.233
662,Russell,Price,rpriceid@pcworld.com,Male,250.82.185.212
663,Michelle,Bowman,mbowmanie@sourceforge.net,Female,254.184.240.16
664,Carl,Cruz,ccruzif@pbs.org,Male,25.127.199.230
665,Sharon,Young,syoungig@illinois.edu,Female,22.79.142.53
666,Wanda,Warren,wwarrenih@dedecms.com,Female,190.228.10.44
667,Donald,Wells,dwellsii@berkeley.edu,Male,138.204.179.138
668,Kathryn,Jacobs,kjacobsij@xing.com,Female,107.118.119.204
669,Benjamin,Payne,bpayneik@wisc.edu,Male,238.16.240.225
670,Kathy,Willis,kwillisil@wunderground.com,Female,55.123.201.27
671,Diane,Gonzalez,dgonzalezim@cdc.gov,Female,144.158.119.120
672,Rebecca,Welch,rwelchin@hugedomains.com,Female,112.215.99.177
673,Earl,Griffin,egriffinio@elpais.com,Male,13.61.80.58
674,Annie,Martin,amartinip@plala.or.jp,Female,173.254.14.146
675,Diane,Kennedy,dkennedyiq@wp.com,Female,51.251.94.91
676,Fred,Turner,fturnerir@cnbc.com,Male,141.73.147.166
677,Robert,Weaver,rweaveris@technorati.com,Male,160.227.88.32
678,Michael,Peters,mpetersit@shop-pro.jp,Male,32.223.230.229
679,Joshua,Gutierrez,jgutierreziu@arizona.edu,Male,72.23.167.50
680,Michael,Snyder,msnyderiv@paginegialle.it,Male,177.202.62.137
681,Carl,Robertson,crobertsoniw@edublogs.org,Male,163.105.171.90
682,Wayne,Walker,wwalkerix@blogs.com,Male,125.218.6.151
683,Amy,Perry,aperryiy@friendfeed.com,Female,86.50.31.128
684,Phyllis,Morales,pmoralesiz@fastcompany.com,Female,252.108.178.37
685,Alice,West,awestj0@skyrock.com,Female,84.248.26.246
686,Barbara,Cook,bcookj1@oakley.com,Female,85.98.13.6
687,Henry,Rivera,hriveraj2@bigcartel.com,Male,183.68.247.246
688,Julie,Collins,jcollinsj3@springer.com,Female,237.171.14.94
689,Cheryl,Gibson,cgibsonj4@nps.gov,Female,217.124.183.255
690,Walter,Young,wyoungj5@bing.com,Male,186.131.95.136
691,Kenneth,Smith,ksmithj6@devhub.com,Male,222.1.14.175
692,Carl,Elliott,celliottj7@youtube.com,Male,106.158.12.226
693,Howard,Rivera,hriveraj8@weebly.com,Male,105.183.69.123
694,Willie,Diaz,wdiazj9@cafepress.com,Male,194.107.139.74
695,Peter,Wallace,pwallaceja@yellowpages.com,Male,252.187.160.194
696,Norma,Lopez,nlopezjb@skype.com,Female,47.52.151.237
697,Randy,Willis,rwillisjc@dailymotion.com,Male,134.36.69.28
698,Todd,Burke,tburkejd@w3.org,Male,197.211.219.221
699,Kimberly,Hughes,khughesje@examiner.com,Female,198.160.142.235
700,Howard,Franklin,hfranklinjf@infoseek.co.jp,Male,181.103.237.242
701,Deborah,Cruz,dcruzjg@google.de,Female,136.106.36.64
702,Andrew,Nichols,anicholsjh@patch.com,Male,115.45.95.28
703,Linda,Bradley,lbradleyji@timesonline.co.uk,Female,168.89.56.63
704,Douglas,Clark,dclarkjj@state.gov,Male,67.43.134.33
705,Susan,Greene,sgreenejk@mediafire.com,Female,96.93.81.78
706,Wanda,Rodriguez,wrodriguezjl@diigo.com,Female,97.189.119.150
707,Donna,Banks,dbanksjm@ucoz.com,Female,217.219.216.242
708,Gerald,Boyd,gboydjn@statcounter.com,Male,52.113.3.198
709,Kelly,Stanley,kstanleyjo@ftc.gov,Female,172.219.78.67
710,Jose,Hawkins,jhawkinsjp@gizmodo.com,Male,162.244.106.51
711,Steven,Stevens,sstevensjq@examiner.com,Male,211.221.23.229
712,Steven,Garza,sgarzajr@tuttocitta.it,Male,245.32.205.8
713,Carl,Russell,crusselljs@jiathis.com,Male,174.83.215.172
714,Tina,Fisher,tfisherjt@google.es,Female,80.84.10.35
715,Jennifer,Ramirez,jramirezju@toplist.cz,Female,59.218.244.64
716,Kenneth,Spencer,kspencerjv@yelp.com,Male,52.211.102.110
717,Patrick,Marshall,pmarshalljw@tinyurl.com,Male,39.195.99.190
718,Joe,Bryant,jbryantjx@dailymail.co.uk,Male,233.111.145.62
719,Gary,Campbell,gcampbelljy@vimeo.com,Male,69.203.110.138
720,Shawn,Porter,sporterjz@army.mil,Male,113.139.142.185
721,Brian,Green,bgreenk0@ustream.tv,Male,98.246.163.51
722,Doris,Rogers,drogersk1@bing.com,Female,102.39.187.23
723,Anne,Tucker,atuckerk2@spiegel.de,Female,206.11.125.252
724,Harold,Powell,hpowellk3@pcworld.com,Male,178.26.144.23
725,Walter,Bowman,wbowmank4@pinterest.com,Male,21.138.229.217
726,Jennifer,Martinez,jmartinezk5@adobe.com,Female,63.86.140.9
727,Ronald,Mason,rmasonk6@prweb.com,Male,187.251.32.60
728,Stephanie,Larson,slarsonk7@yelp.com,Female,128.131.92.85
729,Shirley,Stevens,sstevensk8@ft.com,Female,99.137.93.67
730,Helen,Gilbert,hgilbertk9@exblog.jp,Female,142.28.54.105
731,Paula,Kelley,pkelleyka@businesswire.com,Female,241.0.106.166
732,Stephanie,Ortiz,sortizkb@ocn.ne.jp,Female,65.153.191.212
733,Kelly,Watkins,kwatkinskc@howstuffworks.com,Female,159.130.104.180
734,Christina,Griffin,cgriffinkd@columbia.edu,Female,246.245.6.97
735,Angela,Bowman,abowmanke@a8.net,Female,154.221.245.62
736,Gerald,Wallace,gwallacekf@twitpic.com,Male,116.109.16.140
737,Shirley,Morales,smoraleskg@gravatar.com,Female,202.14.105.240
738,Jack,Nguyen,jnguyenkh@privacy.gov.au,Male,184.72.228.46
739,Amy,Kelley,akelleyki@sphinn.com,Female,188.89.113.166
740,Jack,Moore,jmoorekj@canalblog.com,Male,222.109.144.158
741,George,Cooper,gcooperkk@psu.edu,Male,148.94.31.43
742,Clarence,Cox,ccoxkl@opera.com,Male,155.28.182.141
743,Ashley,Smith,asmithkm@meetup.com,Female,162.9.252.25
744,Todd,Taylor,ttaylorkn@ifeng.com,Male,6.129.175.98
745,Jesse,Lee,jleeko@sbwire.com,Male,87.243.0.51
746,Rachel,Robertson,rrobertsonkp@typepad.com,Female,49.75.87.239
747,Amy,Pierce,apiercekq@cafepress.com,Female,46.181.90.93
748,Fred,Morales,fmoraleskr@infoseek.co.jp,Male,32.140.167.209
749,Paula,Hall,phallks@wikispaces.com,Female,50.121.59.182
750,Scott,Diaz,sdiazkt@rakuten.co.jp,Male,149.179.59.200
751,Lisa,Woods,lwoodsku@google.nl,Female,127.97.148.52
752,Jose,Chavez,jchavezkv@dropbox.com,Male,85.1.243.19
753,Rachel,Wheeler,rwheelerkw@weebly.com,Female,108.248.171.228
754,Brenda,Fox,bfoxkx@bbb.org,Female,7.133.250.14
755,Scott,Carr,scarrky@nature.com,Male,81.112.85.170
756,Janice,Kim,jkimkz@geocities.jp,Female,120.143.62.211
757,Michael,Long,mlongl0@bbc.co.uk,Male,113.166.116.130
758,Thomas,Long,tlongl1@scribd.com,Male,67.88.32.160
759,Louise,Bryant,lbryantl2@reddit.com,Female,138.231.140.169
760,Jimmy,Jacobs,jjacobsl3@mashable.com,Male,53.243.251.246
761,Scott,Carroll,scarrolll4@cocolog-nifty.com,Male,103.80.241.218
762,Melissa,Franklin,mfranklinl5@1und1.de,Female,186.11.202.186
763,Lillian,Mcdonald,lmcdonaldl6@360.cn,Female,4.61.253.8
764,Julie,Hall,jhalll7@fda.gov,Female,19.246.217.78
765,Bobby,Lawrence,blawrencel8@flavors.me,Male,146.8.10.101
766,Jeffrey,Ward,jwardl9@uol.com.br,Male,184.196.99.140
767,Ryan,Hayes,rhayesla@cbc.ca,Male,18.114.3.188
768,Todd,Dunn,tdunnlb@cnn.com,Male,81.173.8.107
769,Annie,Hicks,ahickslc@g.co,Female,90.45.83.247
770,Fred,Hudson,fhudsonld@cdc.gov,Male,96.47.214.88
771,Julie,Barnes,jbarnesle@weather.com,Female,119.81.62.36
772,Joan,Grant,jgrantlf@upenn.edu,Female,32.143.237.92
773,Frances,Berry,fberrylg@phoca.cz,Female,78.6.28.216
774,Sara,Lewis,slewislh@ameblo.jp,Female,28.51.107.224
775,Russell,Arnold,rarnoldli@webs.com,Male,62.77.81.89
776,Kathleen,Warren,kwarrenlj@hibu.com,Female,23.147.181.167
777,Christopher,Martin,cmartinlk@ask.com,Male,90.165.200.246
778,Anne,Kim,akimll@goo.ne.jp,Female,129.186.219.50
779,James,Lewis,jlewislm@myspace.com,Male,29.11.17.160
780,Carolyn,Nguyen,cnguyenln@constantcontact.com,Female,188.3.188.193
781,Robin,Ryan,rryanlo@craigslist.org,Female,92.128.186.249
782,Jimmy,Lane,jlanelp@flickr.com,Male,74.114.142.91
783,Shawn,Lynch,slynchlq@homestead.com,Male,7.244.151.25
784,Jonathan,Cunningham,jcunninghamlr@berkeley.edu,Male,218.111.229.212
785,Edward,Schmidt,eschmidtls@aboutads.info,Male,186.230.209.166
786,Albert,Turner,aturnerlt@geocities.com,Male,122.192.246.59
787,Eric,Howard,ehowardlu@google.com.au,Male,114.26.29.118
788,Edward,Edwards,eedwardslv@issuu.com,Male,133.95.101.3
789,Lisa,James,ljameslw@mlb.com,Female,248.171.94.175
790,Jeremy,Hicks,jhickslx@odnoklassniki.ru,Male,231.97.236.255
791,Andrea,Matthews,amatthewsly@ask.com,Female,184.151.4.120
792,Gerald,Diaz,gdiazlz@booking.com,Male,99.138.204.223
793,Justin,Hudson,jhudsonm0@ted.com,Male,14.213.27.213
794,Nicholas,Clark,nclarkm1@drupal.org,Male,58.200.10.167
795,Larry,Hill,lhillm2@aol.com,Male,40.81.248.81
796,Janet,Ray,jraym3@columbia.edu,Female,252.177.8.239
797,Juan,Franklin,jfranklinm4@gravatar.com,Male,152.247.179.208
798,Julie,Powell,jpowellm5@foxnews.com,Female,214.207.168.185
799,Stephen,Fox,sfoxm6@bizjournals.com,Male,199.141.30.112
800,Samuel,Richardson,srichardsonm7@newsvine.com,Male,244.6.246.193
801,Julia,Gray,jgraym8@facebook.com,Female,215.101.238.49
802,Jimmy,Gonzales,jgonzalesm9@ning.com,Male,163.120.215.212
803,Jane,Holmes,jholmesma@ezinearticles.com,Female,105.194.249.202
804,Donald,Morales,dmoralesmb@weibo.com,Male,9.121.76.244
805,Tina,Hunter,thuntermc@tiny.cc,Female,39.196.174.85
806,Todd,Wheeler,twheelermd@rakuten.co.jp,Male,216.81.22.95
807,Gerald,Owens,gowensme@nba.com,Male,60.192.142.255
808,Ashley,Campbell,acampbellmf@wired.com,Female,254.213.153.22
809,Ryan,Gutierrez,rgutierrezmg@ask.com,Male,5.57.153.74
810,Deborah,Stephens,dstephensmh@github.com,Female,227.109.15.46
811,Julie,Wallace,jwallacemi@forbes.com,Female,105.103.64.164
812,Harry,Scott,hscottmj@usda.gov,Male,94.17.230.103
813,Phillip,Stevens,pstevensmk@seesaa.net,Male,167.91.246.62
814,Joyce,Black,jblackml@hp.com,Female,20.178.231.31
815,David,Cole,dcolemm@chron.com,Male,249.163.20.176
816,Kathleen,Hudson,khudsonmn@ovh.net,Female,115.47.80.204
817,Henry,Woods,hwoodsmo@ftc.gov,Male,154.212.120.117
818,Bobby,Brooks,bbrooksmp@un.org,Male,8.238.47.148
819,Carol,Ramirez,cramirezmq@vistaprint.com,Female,231.240.46.188
820,Catherine,Thompson,cthompsonmr@bizjournals.com,Female,193.140.88.99
821,Kelly,Gordon,kgordonms@nasa.gov,Female,80.125.94.240
822,Stephanie,Washington,swashingtonmt@google.pl,Female,143.74.56.80
823,Nicholas,Long,nlongmu@theguardian.com,Male,57.223.3.213
824,Heather,White,hwhitemv@google.co.uk,Female,49.237.47.194
825,Carol,Jackson,cjacksonmw@icq.com,Female,71.190.37.204
826,Pamela,Scott,pscottmx@whitehouse.gov,Female,216.136.47.120
827,Donna,Gray,dgraymy@wufoo.com,Female,67.176.72.248
828,Albert,Mccoy,amccoymz@livejournal.com,Male,58.242.114.168
829,Rachel,Gomez,rgomezn0@sfgate.com,Female,243.94.170.159
830,Andrew,Morrison,amorrisonn1@goodreads.com,Male,102.175.242.37
831,Steve,Arnold,sarnoldn2@dot.gov,Male,141.154.57.105
832,Paula,Sanders,psandersn3@cargocollective.com,Female,38.3.198.134
833,Stephanie,Fowler,sfowlern4@amazon.co.jp,Female,247.0.210.231
834,Victor,Gutierrez,vgutierrezn5@microsoft.com,Male,168.21.202.135
835,Dennis,Williams,dwilliamsn6@ehow.com,Male,193.202.43.249
836,Lillian,Fields,lfieldsn7@latimes.com,Female,1.204.35.220
837,Cheryl,Simmons,csimmonsn8@goo.ne.jp,Female,173.7.132.159
838,Ryan,Ramos,rramosn9@yahoo.com,Male,88.237.3.48
839,Charles,Brown,cbrownna@washington.edu,Male,90.149.5.222
840,Emily,Hawkins,ehawkinsnb@about.me,Female,91.69.76.100
841,Gary,Freeman,gfreemannc@wufoo.com,Male,108.143.52.51
842,Tina,Cunningham,tcunninghamnd@sbwire.com,Female,7.111.50.82
843,Earl,Ramirez,eramirezne@naver.com,Male,74.158.60.62
844,Judy,Butler,jbutlernf@kickstarter.com,Female,165.161.198.25
845,Gregory,Roberts,grobertsng@weather.com,Male,15.143.215.220
846,Earl,Freeman,efreemannh@vinaora.com,Male,184.184.147.77
847,Deborah,Butler,dbutlerni@answers.com,Female,179.69.90.65
848,Denise,Palmer,dpalmernj@disqus.com,Female,12.23.147.124
849,Shirley,Gardner,sgardnernk@yahoo.co.jp,Female,218.140.193.52
850,Ruby,Watson,rwatsonnl@seesaa.net,Female,26.21.55.183
851,Albert,Fuller,afullernm@redcross.org,Male,3.56.36.231
852,Kathryn,Tucker,ktuckernn@slate.com,Female,107.83.146.4
853,Amanda,Stanley,astanleyno@yale.edu,Female,49.119.148.216
854,Lawrence,Dunn,ldunnnp@seattletimes.com,Male,19.232.121.34
855,Larry,Ramos,lramosnq@mozilla.com,Male,174.21.178.106
856,Ruth,Smith,rsmithnr@opera.com,Female,90.69.74.215
857,Charles,Burton,cburtonns@gov.uk,Male,188.13.110.235
858,Shawn,West,swestnt@bravesites.com,Male,77.48.48.115
859,Gregory,Palmer,gpalmernu@europa.eu,Male,141.78.4.197
860,Antonio,Austin,aaustinnv@msu.edu,Male,215.211.216.73
861,Larry,Bell,lbellnw@flavors.me,Male,2.190.101.85
862,Tammy,Oliver,tolivernx@wikimedia.org,Female,65.102.91.222
863,Earl,Williams,ewilliamsny@nba.com,Male,46.91.231.179
864,Craig,Ross,crossnz@posterous.com,Male,39.76.182.176
865,Walter,Anderson,wandersono0@artisteer.com,Male,84.178.117.29
866,Billy,Duncan,bduncano1@gnu.org,Male,0.159.32.199
867,Lawrence,Ferguson,lfergusono2@ifeng.com,Male,112.245.223.12
868,Jeremy,Shaw,jshawo3@mashable.com,Male,61.174.89.154
869,Louis,Gray,lgrayo4@gnu.org,Male,235.18.84.88
870,Gerald,Harrison,gharrisono5@clickbank.net,Male,74.24.129.146
871,Amy,Cruz,acruzo6@booking.com,Female,90.21.100.113
872,Charles,Martinez,cmartinezo7@g.co,Male,178.227.137.60
873,Daniel,Hamilton,dhamiltono8@parallels.com,Male,220.234.191.245
874,Todd,Hansen,thanseno9@imageshack.us,Male,117.182.23.2
875,Maria,Rice,mriceoa@stanford.edu,Female,111.52.99.103
876,Christina,Armstrong,carmstrongob@topsy.com,Female,242.193.78.242
877,Gloria,Greene,ggreeneoc@aboutads.info,Female,26.221.6.110
878,Dennis,Patterson,dpattersonod@washington.edu,Male,166.235.151.183
879,Aaron,Coleman,acolemanoe@slashdot.org,Male,153.171.110.98
880,Brian,Myers,bmyersof@baidu.com,Male,199.214.194.84
881,Marilyn,Harvey,mharveyog@bluehost.com,Female,100.108.42.242
882,Joyce,Ward,jwardoh@wordpress.com,Female,25.30.233.158
883,Amy,Turner,aturneroi@paypal.com,Female,254.119.156.100
884,Mary,Harrison,mharrisonoj@shinystat.com,Female,251.211.76.56
885,Donna,Hicks,dhicksok@vkontakte.ru,Female,149.221.143.18
886,Scott,Daniels,sdanielsol@ehow.com,Male,104.220.153.181
887,Teresa,Burns,tburnsom@youtu.be,Female,14.136.50.21
888,Betty,Cook,bcookon@vistaprint.com,Female,147.162.31.206
889,Catherine,Kim,ckimoo@newsvine.com,Female,164.141.206.118
890,Todd,Lopez,tlopezop@nbcnews.com,Male,74.64.147.185
891,Debra,Wilson,dwilsonoq@kickstarter.com,Female,29.37.25.145
892,Andrew,Clark,aclarkor@cyberchimps.com,Male,27.129.118.218
893,Patrick,Simmons,psimmonsos@ca.gov,Male,131.178.28.4
894,Anne,Austin,aaustinot@quantcast.com,Female,5.191.25.9
895,Helen,Campbell,hcampbellou@chronoengine.com,Female,205.210.82.139
896,Jonathan,Pierce,jpierceov@state.gov,Male,176.220.104.165
897,Antonio,Howell,ahowellow@multiply.com,Male,96.237.59.231
898,Kathleen,Wheeler,kwheelerox@liveinternet.ru,Female,224.5.47.105
899,Gloria,Ward,gwardoy@alexa.com,Female,109.11.97.228
900,Phillip,Peterson,ppetersonoz@statcounter.com,Male,24.140.252.144
901,Mary,Palmer,mpalmerp0@time.com,Female,211.218.158.10
902,Gary,Woods,gwoodsp1@yellowpages.com,Male,195.51.220.245
903,Jacqueline,Daniels,jdanielsp2@howstuffworks.com,Female,108.124.72.12
904,Todd,Boyd,tboydp3@msn.com,Male,113.21.71.217
905,Andrew,Armstrong,aarmstrongp4@bloglines.com,Male,146.112.154.23
906,Ashley,Franklin,afranklinp5@businessinsider.com,Female,193.88.222.224
907,Douglas,Hernandez,dhernandezp6@oaic.gov.au,Male,117.125.229.128
908,Eugene,Hanson,ehansonp7@last.fm,Male,119.55.119.172
909,Christina,Jones,cjonesp8@rakuten.co.jp,Female,114.246.211.236
910,Lawrence,Little,llittlep9@npr.org,Male,110.31.78.76
911,Julia,Walker,jwalkerpa@plala.or.jp,Female,143.54.24.146
912,Amanda,Reed,areedpb@gizmodo.com,Female,118.66.58.58
913,Kathryn,Elliott,kelliottpc@ocn.ne.jp,Female,159.30.23.67
914,Arthur,Harvey,aharveypd@myspace.com,Male,111.13.197.11
915,Todd,Freeman,tfreemanpe@eepurl.com,Male,150.145.188.239
916,Julie,Williams,jwilliamspf@photobucket.com,Female,45.183.30.236
917,Timothy,Castillo,tcastillopg@intel.com,Male,70.22.106.181
918,Rebecca,Henry,rhenryph@goo.gl,Female,71.226.169.101
919,Gregory,Matthews,gmatthewspi@earthlink.net,Male,203.78.201.205
920,Lawrence,Shaw,lshawpj@deviantart.com,Male,43.144.119.168
921,Marilyn,Washington,mwashingtonpk@earthlink.net,Female,124.80.164.171
922,Cheryl,Fernandez,cfernandezpl@google.de,Female,87.94.61.160
923,Jacqueline,Morris,jmorrispm@printfriendly.com,Female,110.250.47.96
924,Margaret,Nichols,mnicholspn@usnews.com,Female,159.52.81.111
925,Gloria,Duncan,gduncanpo@naver.com,Female,235.153.29.88
926,Jack,Montgomery,jmontgomerypp@ow.ly,Male,42.135.106.38
927,Margaret,Perkins,mperkinspq@cmu.edu,Female,25.226.16.21
928,Harold,Kelley,hkelleypr@google.pl,Male,56.32.184.40
929,Rebecca,Peters,rpetersps@howstuffworks.com,Female,53.75.179.120
930,Harry,Cook,hcookpt@techcrunch.com,Male,252.181.239.115
931,Peter,Foster,pfosterpu@bbb.org,Male,179.44.204.173
932,Henry,George,hgeorgepv@home.pl,Male,34.56.135.29
933,Roy,Arnold,rarnoldpw@storify.com,Male,24.189.193.11
934,Jimmy,Schmidt,jschmidtpx@google.fr,Male,46.252.0.91
935,Donald,Palmer,dpalmerpy@ask.com,Male,155.93.204.102
936,Ronald,Ortiz,rortizpz@sciencedaily.com,Male,102.89.26.104
937,Ryan,Cunningham,rcunninghamq0@edublogs.org,Male,42.144.96.68
938,Robin,Burns,rburnsq1@istockphoto.com,Female,58.78.248.142
939,Sandra,Bell,sbellq2@irs.gov,Female,42.177.136.222
940,Jessica,Young,jyoungq3@cmu.edu,Female,220.131.241.89
941,Sharon,Hernandez,shernandezq4@yandex.ru,Female,186.38.131.41
942,Kathryn,Dixon,kdixonq5@webeden.co.uk,Female,84.24.214.241
943,Roy,Gonzalez,rgonzalezq6@cornell.edu,Male,253.255.101.124
944,Ryan,Ramirez,rramirezq7@cnn.com,Male,165.52.196.97
945,Fred,Coleman,fcolemanq8@epa.gov,Male,191.241.183.2
946,Judith,Mendoza,jmendozaq9@narod.ru,Female,61.75.232.215
947,Anna,Wright,awrightqa@timesonline.co.uk,Female,47.22.125.189
948,Philip,Campbell,pcampbellqb@com.com,Male,246.216.229.131
949,Bruce,George,bgeorgeqc@sbwire.com,Male,142.42.208.219
950,Clarence,Gomez,cgomezqd@prlog.org,Male,94.173.11.177
951,Kathleen,Grant,kgrantqe@free.fr,Female,8.157.162.249
952,Irene,Ray,irayqf@shutterfly.com,Female,11.114.201.71
953,Virginia,Torres,vtorresqg@mapquest.com,Female,62.177.207.178
954,Donna,Franklin,dfranklinqh@nytimes.com,Female,44.154.194.57
955,Janice,Price,jpriceqi@unicef.org,Female,98.242.190.235
956,Randy,Vasquez,rvasquezqj@storify.com,Male,35.19.147.135
957,Janice,Sanders,jsandersqk@altervista.org,Female,133.58.65.20
958,Samuel,Castillo,scastilloql@acquirethisname.com,Male,250.143.151.176
959,Michelle,Baker,mbakerqm@elpais.com,Female,238.119.241.66
960,Jacqueline,Miller,jmillerqn@flickr.com,Female,72.181.92.208
961,Richard,Willis,rwillisqo@shinystat.com,Male,97.39.201.145
962,Jesse,Sims,jsimsqp@nba.com,Male,104.96.49.196
963,Christina,Kelly,ckellyqq@columbia.edu,Female,211.10.127.242
964,Susan,Castillo,scastilloqr@ifeng.com,Female,133.97.180.48
965,Dorothy,Wilson,dwilsonqs@surveymonkey.com,Female,179.247.190.95
966,Martin,Ford,mfordqt@nhs.uk,Male,161.17.176.37
967,Jason,Boyd,jboydqu@usgs.gov,Male,181.168.189.220
968,Jesse,King,jkingqv@whitehouse.gov,Male,134.204.188.28
969,Sharon,Harper,sharperqw@google.co.jp,Female,130.72.41.186
970,Karen,Castillo,kcastilloqx@wikimedia.org,Female,95.251.184.75
971,Louis,Knight,lknightqy@cmu.edu,Male,178.150.35.29
972,Roger,Carter,rcarterqz@so-net.ne.jp,Male,201.161.144.224
973,Patricia,Rodriguez,prodriguezr0@elpais.com,Female,121.110.254.199
974,Matthew,Knight,mknightr1@mozilla.org,Male,36.204.104.228
975,Helen,White,hwhiter2@ihg.com,Female,243.122.61.67
976,Steven,Morgan,smorganr3@wisc.edu,Male,27.174.164.25
977,Sandra,Wheeler,swheelerr4@mtv.com,Female,48.15.144.249
978,Ashley,Jacobs,ajacobsr5@go.com,Female,25.88.187.47
979,Lois,Moore,lmoorer6@mac.com,Female,156.206.62.249
980,Harold,Ortiz,hortizr7@phpbb.com,Male,146.9.125.166
981,Fred,Moore,fmoorer8@chron.com,Male,139.179.78.190
982,Carlos,Lawson,clawsonr9@economist.com,Male,130.123.240.53
983,Linda,Robertson,lrobertsonra@vk.com,Female,24.208.146.146
984,Earl,Myers,emyersrb@themeforest.net,Male,213.139.78.10
985,Jerry,Peters,jpetersrc@free.fr,Male,30.113.194.129
986,Margaret,Ryan,mryanrd@upenn.edu,Female,78.141.176.198
987,Kelly,Washington,kwashingtonre@ihg.com,Female,49.223.92.197
988,Kathryn,Hamilton,khamiltonrf@instagram.com,Female,182.10.14.163
989,Gregory,Arnold,garnoldrg@google.com.au,Male,171.47.179.220
990,Julia,Jackson,jjacksonrh@oakley.com,Female,77.77.158.250
991,Diana,Stanley,dstanleyri@pen.io,Female,234.64.244.84
992,Scott,Perkins,sperkinsrj@adobe.com,Male,188.139.123.133
993,Stephen,Carpenter,scarpenterrk@cnet.com,Male,90.2.41.42
994,Edward,Bennett,ebennettrl@auda.org.au,Male,159.178.56.229
995,Nicholas,Bishop,nbishoprm@zdnet.com,Male,207.230.28.164
996,Sandra,Kelley,skelleyrn@people.com.cn,Female,127.195.53.81
997,Doris,Rivera,driveraro@virginia.edu,Female,45.221.169.101
998,Earl,Williamson,ewilliamsonrp@symantec.com,Male,95.117.77.0
999,Norma,Ray,nrayrq@wired.com,Female,49.153.96.89
1000,Lori,Flores,lfloresrr@bing.com,Female,85.58.177.149
